상태,공고번호,등록번호
종료(반환),서울-강동-2024-00216,
종료(반환),서울-마포-2024-00286,410097800056635
종료(반환),서울-노원-2024-00183,
종료(반환),서울-강남-2024-00072,410160010931615
종료(반환),서울-은평-2024-00324,
종료(반환),서울-양천-2024-00151,
종료(반환),서울-양천-2024-00150,410093300036524
종료(반환),서울-은평-2024-00323,
종료(반환),서울-은평-2024-00322,
종료(반환),서울-광진-2024-00122,410097800576252
종료(반환),서울-금천-2024-00158,410097800040501
종료(반환),서울-강동-2024-00215,
종료(반환),서울-양천-2024-00149,410100008267959
종료(반환),서울-도봉-2024-00135,
종료(반환),서울-용산-2024-00253,410097800408805
종료(반환),서울-용산-2024-00252,410097800266335
종료(반환),서울-동작-2024-00180,410100013072563
종료(반환),서울-강동-2024-00213,
종료(반환),서울-마포-2024-00285,
종료(반환),서울-동대문-2024-00308,
종료(반환),서울-동대문-2024-00307,
종료(반환),서울-중랑-2024-00173,
종료(반환),서울-노원-2024-00182,
종료(반환),서울-관악-2024-00251,
종료(반환),서울-강동-2024-00209,410160020121588
종료(반환),서울-종로-2024-00207,
종료(반환),서울-관악-2024-00250,410160010935316
종료(반환),서울-중랑-2024-00171,410160010954519
종료(반환),서울-서대문-2024-00122,
종료(반환),서울-영등포-2024-00101,
종료(반환),서울-강북-2024-00247,410097800104804
종료(반환),서울-성동-2024-00117,410097800428753
종료(반환),서울-관악-2024-00241,
종료(반환),서울-관악-2024-00240,
종료(반환),서울-관악-2024-00238,410160010770182
종료(반환),서울-구로-2024-00202,410100012886194
종료(반환),서울-강서-2024-00227,
종료(반환),서울-강서-2024-00226,
종료(반환),서울-은평-2024-00315,
종료(반환),서울-도봉-2024-00133,
종료(반환),서울-관악-2024-00239,
종료(반환),서울-은평-2024-00314,410100004145581
종료(반환),서울-용산-2024-00249,410093300035036
종료(반환),서울-동대문-2024-00300,410100008112418
종료(반환),서울-광진-2024-00117,
종료(반환),서울-영등포-2024-00099,410097800466163
종료(반환),서울-금천-2024-00157,410100012477772
종료(반환),서울-영등포-2024-00098,410097800181570
종료(반환),서울-구로-2024-00198,
종료(반환),서울-강서-2024-00223,
종료(반환),서울-서초-2024-00121,410160010476813
종료(반환),서울-금천-2024-00156,
종료(반환),서울-강남-2024-00070,410160010422936
종료(반환),서울-구로-2024-00195,410100012866736
종료(반환),서울-용산-2024-00247,410097800459149
종료(반환),서울-강동-2024-00200,
종료(반환),서울-송파-2024-00181,
종료(반환),서울-관악-2024-00237,410160010966205
종료(반환),서울-강서-2024-00222,
종료(반환),서울-구로-2024-00193,410100012906630
종료(반환),서울-성북-2024-00219,410160010365180
종료(반환),서울-금천-2024-00154,410093300025319
종료(반환),서울-금천-2024-00153,410097800257162
종료(반환),서울-중랑-2024-00166,
종료(반환),서울-중구-2024-00067,
종료(반환),서울-마포-2024-00278,410160010779163
종료(반환),서울-중랑-2024-00164,
종료(반환),서울-성북-2024-00218,
종료(반환),서울-성북-2024-00217,
종료(반환),서울-강동-2024-00196,410160010947373
종료(반환),서울-관악-2024-00234,
종료(반환),서울-은평-2024-00302,
종료(반환),서울-구로-2024-00191,410160010764972
종료(반환),서울-마포-2024-00272,
종료(반환),서울-강북-2024-00229,410160010967525
종료(반환),서울-용산-2024-00244,410097800480552
종료(반환),서울-중구-2024-00065,
종료(반환),서울-서대문-2024-00114,
종료(반환),서울-서대문-2024-00113,
종료(반환),서울-강동-2024-00199,
종료(반환),서울-구로-2024-00189,410160010428125
종료(반환),서울-양천-2024-00145,410097700040398
종료(반환),서울-영등포-2024-00095,410097800466174
종료(반환),서울-노원-2024-00164,
종료(반환),서울-용산-2024-00239,
종료(반환),서울-관악-2024-00227,410097800466163
종료(반환),서울-양천-2024-00143,
종료(반환),서울-서초-2024-00117,
종료(반환),서울-강북-2024-00224,
종료(반환),서울-용산-2024-00238,410160010482550
종료(반환),서울-중랑-2024-00161,
종료(반환),서울-송파-2024-00178,410097800486183
종료(반환),서울-노원-2024-00163,
종료(반환),서울-성북-2024-00213,410160011878933
종료(반환),서울-구로-2024-00184,
종료(반환),서울-강동-2024-00190,410160010329684
종료(반환),서울-강동-2024-00189,410100013032360
종료(반환),서울-동작-2024-00165,
종료(반환),서울-성북-2024-00211,
종료(반환),서울-광진-2024-00110,
종료(반환),서울-강북-2024-00223,
종료(반환),서울-서대문-2024-00112,
종료(반환),서울-영등포-2024-00092,
종료(반환),서울-노원-2024-00161,
종료(반환),서울-동대문-2024-00274,410097800298472
종료(반환),서울-노원-2024-00160,410160010780467
종료(반환),서울-중구-2024-00061,
종료(반환),서울-송파-2024-00172,410100012457576
종료(반환),서울-구로-2024-00182,
종료(반환),서울-구로-2024-00180,
종료(반환),서울-구로-2024-00177,410160010361021
종료(반환),서울-노원-2024-00159,410100008152745
종료(반환),서울-성북-2024-00209,
종료(반환),서울-관악-2024-00222,
종료(반환),서울-관악-2024-00221,410100011102485
종료(반환),서울-노원-2024-00158,
종료(반환),서울-도봉-2024-00129,
종료(반환),서울-강북-2024-00212,
종료(반환),서울-중랑-2024-00157,
종료(반환),서울-용산-2024-00232,410097800086929
종료(반환),서울-마포-2024-00262,
종료(반환),서울-중랑-2024-00156,410097800125871
종료(반환),서울-강동-2024-00186,
종료(반환),서울-영등포-2024-00091,
종료(반환),서울-종로-2024-00194,
종료(반환),서울-도봉-2024-00127,410100011201508
종료(반환),서울-용산-2024-00228,410160011867123
종료(반환),서울-강동-2024-00180,
종료(반환),서울-강동-2024-00179,410097800234685
종료(반환),서울-강남-2024-00065,410100012349980
종료(반환),서울-은평-2024-00283,
종료(반환),서울-성동-2024-00104,
종료(반환),서울-성동-2024-00103,410097800394959
종료(반환),서울-중구-2024-00057,410093300036524
종료(반환),서울-동작-2024-00160,410160010406983
종료(반환),서울-송파-2024-00167,410100008005350
종료(반환),서울-송파-2024-00165,410160010266080
종료(반환),서울-마포-2024-00255,410100012716548
종료(반환),서울-구로-2024-00173,
종료(반환),서울-양천-2024-00139,410097800020934
종료(반환),서울-영등포-2024-00088,410100011201706
종료(반환),서울-은평-2024-00281,410097800234163
종료(반환),서울-중구-2024-00056,
종료(반환),서울-강동-2024-00176,
종료(반환),서울-강북-2024-00210,
종료(반환),서울-서대문-2024-00105,410100012347520
종료(반환),서울-은평-2024-00279,410160010956895
종료(반환),서울-중랑-2024-00152,
종료(반환),서울-중랑-2024-00151,
종료(반환),서울-금천-2024-00145,410100008191634
종료(반환),서울-노원-2024-00152,
종료(반환),서울-성북-2024-00203,
종료(반환),서울-강남-2024-00063,410160011873348
종료(반환),서울-동대문-2024-00257,
종료(반환),서울-동작-2024-00156,
종료(반환),서울-동작-2024-00155,
종료(반환),서울-강서-2024-00184,
종료(반환),서울-강서-2024-00183,
종료(반환),서울-양천-2024-00137,
종료(반환),서울-양천-2024-00136,410097700010308
종료(반환),서울-노원-2024-00151,
종료(반환),서울-노원-2024-00150,
종료(반환),서울-동대문-2024-00254,
종료(반환),서울-용산-2024-00219,410160010961576
종료(반환),서울-중구-2024-00055,900111881002894
종료(반환),서울-관악-2024-00206,
종료(반환),서울-구로-2024-00170,
종료(반환),서울-성북-2024-00199,
종료(반환),서울-광진-2024-00096,
종료(반환),서울-영등포-2024-00085,
종료(반환),서울-은평-2024-00274,
종료(반환),서울-송파-2024-00162,410097800053894
종료(반환),서울-동작-2024-00152,410093300024644
종료(반환),서울-양천-2024-00133,410100012704627
종료(반환),서울-마포-2024-00243,
종료(반환),서울-강북-2024-00196,410093300018457
종료(반환),서울-종로-2024-00172,
종료(반환),서울-송파-2024-00161,410160010415273
종료(반환),서울-강남-2024-00062,
종료(반환),서울-관악-2024-00202,
종료(반환),서울-성북-2024-00198,
종료(반환),서울-성북-2024-00197,
종료(반환),서울-강서-2024-00178,
종료(반환),서울-마포-2024-00241,
종료(반환),서울-용산-2024-00212,410097800119181
종료(반환),서울-종로-2024-00171,
종료(반환),서울-관악-2024-00201,
종료(반환),서울-성북-2024-00194,
종료(반환),서울-강동-2024-00169,410097800198628
종료(반환),서울-서대문-2024-00098,
종료(반환),서울-용산-2024-00210,
종료(반환),서울-관악-2024-00199,
종료(반환),서울-관악-2024-00198,
종료(반환),서울-영등포-2024-00079,410100012322940
종료(반환),서울-구로-2024-00159,410160010968568
종료(반환),서울-중구-2024-00050,
종료(반환),서울-동대문-2024-00237,
종료(반환),서울-은평-2024-00198,
종료(반환),서울-은평-2024-00197,
종료(반환),서울-강북-2024-00189,
종료(반환),서울-성동-2024-00095,410097800434059
종료(반환),서울-용산-2024-00206,900111880205189
종료(반환),서울-용산-2024-00205,985121010808302
종료(반환),서울-영등포-2024-00077,
종료(반환),서울-성북-2024-00188,
종료(반환),서울-성북-2024-00187,410100012856982
종료(반환),서울-용산-2024-00203,410097800069711
종료(반환),서울-강동-2024-00160,410100012862709
종료(반환),서울-서대문-2024-00095,
종료(반환),서울-동대문-2024-00234,
종료(반환),서울-동대문-2024-00235,
종료(반환),서울-용산-2024-00204,
종료(반환),서울-금천-2024-00134,410160010408860
종료(반환),서울-관악-2024-00189,
종료(반환),서울-양천-2024-00130,
종료(반환),서울-중구-2024-00047,
종료(반환),서울-구로-2024-00155,
종료(반환),서울-용산-2024-00202,
종료(반환),서울-용산-2024-00201,410160011861625
종료(반환),서울-종로-2024-00166,
종료(반환),서울-강동-2024-00158,410097800128758
종료(반환),서울-강동-2024-00157,410100012862701
종료(반환),서울-강북-2024-00183,410097800547351
종료(반환),서울-성북-2024-00181,
종료(반환),서울-용산-2024-00198,410093300033263
종료(반환),서울-동작-2024-00143,410100012752661
종료(반환),서울-용산-2024-00197,
종료(반환),서울-강동-2024-00156,410097800234685
종료(반환),서울-서대문-2025-00007,410097800565256
종료(반환),서울-영등포-2024-00076,
종료(반환),서울-금천-2024-00122,
종료(반환),서울-성북-2024-00179,
종료(반환),서울-동대문-2024-00227,
종료(반환),서울-동대문-2024-00226,
종료(반환),서울-중랑-2024-00135,410160010947767
종료(반환),서울-중랑-2024-00134,410160011867885
종료(반환),서울-구로-2024-00146,
종료(반환),서울-성북-2024-00178,
종료(반환),서울-성북-2024-00177,410100008146899
종료(반환),서울-용산-2024-00194,
종료(반환),서울-서대문-2024-00090,
종료(반환),서울-중랑-2024-00133,
종료(반환),서울-종로-2024-00154,
종료(반환),서울-양천-2024-00126,410160010482552
종료(반환),서울-양천-2024-00124,410160010961826
종료(반환),서울-도봉-2024-00114,
종료(반환),서울-중랑-2024-00132,
종료(반환),서울-강동-2024-00153,410097800385070
종료(반환),서울-용산-2024-00192,
종료(반환),서울-성북-2024-00174,410100013057273
종료(반환),서울-중구-2024-00045,410093300028609
종료(반환),서울-동대문-2024-00215,
종료(반환),서울-서대문-2024-00089,410100012279885
종료(반환),서울-강서-2024-00170,
종료(반환),서울-서초-2024-00096,410100012660849
종료(반환),서울-양천-2024-00121,410100012756505
종료(반환),서울-도봉-2024-00112,410100011201508
종료(반환),서울-강동-2024-00154,
종료(반환),서울-구로-2024-00143,
종료(반환),서울-금천-2024-00119,
종료(반환),서울-서대문-2024-00088,410097800457598
종료(반환),서울-영등포-2024-00074,410097700020278
종료(반환),서울-금천-2024-00118,
종료(반환),서울-양천-2024-00122,
종료(반환),서울-용산-2024-00187,
종료(반환),서울-강동-2024-00151,410097800234685
종료(반환),서울-양천-2024-00117,410100008245408
종료(반환),서울-영등포-2024-00073,
종료(반환),서울-구로-2024-00139,
종료(반환),서울-노원-2024-00136,
종료(반환),서울-동대문-2024-00214,
종료(반환),서울-강동-2024-00146,
종료(반환),서울-마포-2024-00219,
종료(반환),서울-서대문-2024-00087,
종료(반환),서울-송파-2024-00141,
종료(반환),서울-구로-2024-00138,
종료(반환),서울-마포-2024-00218,
종료(반환),서울-성북-2024-00170,
종료(반환),서울-성동-2024-00079,
종료(반환),서울-성동-2024-00078,
종료(반환),서울-관악-2024-00181,
종료(반환),서울-금천-2024-00116,
종료(반환),서울-양천-2024-00116,
종료(반환),서울-금천-2024-00115,
종료(반환),서울-마포-2024-00213,
종료(반환),서울-서대문-2025-00006,410100012323574
종료(반환),서울-송파-2024-00139,
종료(반환),서울-강남-2024-00051,900111881002894
종료(반환),서울-강서-2024-00165,
종료(반환),서울-성북-2024-00158,
종료(반환),서울-영등포-2024-00071,
종료(반환),서울-구로-2024-00135,
종료(반환),서울-마포-2024-00212,410097800257493
종료(반환),서울-구로-2024-00134,
종료(반환),서울-도봉-2024-00109,410160011874319
종료(반환),서울-중랑-2024-00124,
종료(반환),서울-강남-2024-00048,
종료(반환),서울-마포-2024-00210,
종료(반환),서울-강북-2024-00156,
종료(반환),서울-성북-2024-00152,
종료(반환),서울-도봉-2024-00108,410093300022956
종료(반환),서울-마포-2024-00209,410100013071353
종료(반환),서울-강남-2024-00049,
종료(반환),서울-마포-2024-00208,
종료(반환),서울-구로-2024-00130,
종료(반환),서울-강북-2024-00155,
종료(반환),서울-강북-2024-00153,
종료(반환),서울-강남-2024-00047,
종료(반환),서울-강서-2024-00156,
종료(반환),서울-도봉-2024-00107,
종료(반환),서울-성북-2024-00149,410160010421080
종료(반환),서울-구로-2024-00127,410097800311981
종료(반환),서울-마포-2024-00205,410160010975405
종료(반환),서울-은평-2024-00164,
종료(반환),서울-송파-2024-00134,
종료(반환),서울-관악-2024-00176,
종료(반환),서울-영등포-2024-00070,410100009975989
종료(반환),서울-서대문-2024-00085,410100008061076
종료(반환),서울-관악-2024-00175,
종료(반환),서울-양천-2024-00104,
종료(반환),서울-노원-2024-00130,
종료(반환),서울-노원-2024-00129,
종료(반환),서울-서대문-2024-00084,
종료(반환),서울-양천-2024-00103,
종료(반환),서울-마포-2024-00202,
종료(반환),서울-강남-2024-00045,
종료(반환),서울-관악-2024-00174,410100012294252
종료(반환),서울-서대문-2024-00083,
종료(반환),서울-성북-2024-00138,
종료(반환),서울-영등포-2024-00069,
종료(반환),서울-강서-2024-00154,
종료(반환),서울-동작-2024-00118,410160010478937
종료(반환),서울-노원-2024-00128,410160010407843
종료(반환),서울-광진-2024-00081,
종료(반환),서울-관악-2024-00172,410093300022603
종료(반환),서울-도봉-2024-00103,
종료(반환),서울-송파-2024-00126,
종료(반환),서울-도봉-2024-00101,
종료(반환),서울-강북-2024-00147,
종료(반환),서울-용산-2024-00168,410097800119188
종료(반환),서울-도봉-2024-00100,410100011201508
종료(반환),서울-성북-2024-00136,
종료(반환),서울-성북-2024-00135,410100004100611
종료(반환),서울-성동-2024-00068,
종료(반환),서울-중구-2024-00042,410160020383670
종료(반환),서울-관악-2024-00169,410160012250662
종료(반환),서울-용산-2024-00165,
종료(반환),서울-관악-2024-00168,410100012299013
종료(반환),서울-용산-2024-00163,
종료(반환),서울-중랑-2024-00117,410100012850379
종료(반환),서울-송파-2024-00122,
종료(반환),서울-성북-2024-00130,
종료(반환),서울-양천-2024-00100,410100013070632
종료(반환),서울-용산-2024-00159,410160011867123
종료(반환),서울-강서-2024-00144,
종료(반환),서울-강동-2024-00134,900111880112570
종료(반환),서울-양천-2024-00099,410100012704627
종료(반환),서울-강서-2024-00143,410160020206977
종료(반환),서울-용산-2024-00158,410097800117625
종료(반환),서울-양천-2024-00098,
종료(반환),서울-중랑-2024-00115,410160010486752
종료(반환),서울-관악-2024-00165,
종료(반환),서울-강서-2024-00142,410160010957532
종료(반환),서울-금천-2024-00097,
종료(반환),서울-중랑-2024-00112,
종료(반환),서울-도봉-2024-00094,392141000550644
종료(반환),서울-성북-2024-00123,
종료(반환),서울-관악-2024-00163,
종료(반환),서울-동작-2024-00116,
종료(반환),서울-용산-2024-00153,
종료(반환),서울-강북-2024-00131,
종료(반환),서울-성북-2024-00122,
종료(반환),서울-강동-2024-00129,410097800234685
종료(반환),서울-중랑-2024-00110,410100004108226
종료(반환),서울-중랑-2024-00109,
종료(반환),서울-성북-2024-00121,
종료(반환),서울-구로-2024-00113,
종료(반환),서울-강서-2024-00134,
종료(반환),서울-구로-2024-00112,
종료(반환),서울-강서-2024-00133,
종료(반환),서울-강서-2024-00132,
종료(반환),서울-용산-2024-00150,
종료(반환),서울-동작-2024-00114,
종료(반환),서울-중구-2024-00037,
종료(반환),서울-용산-2024-00148,410160011867123
종료(반환),서울-용산-2024-00147,
종료(반환),서울-송파-2024-00117,
종료(반환),서울-성북-2024-00115,410160010966340
종료(반환),서울-관악-2024-00160,
종료(반환),서울-중랑-2024-00105,410160010931769
종료(반환),서울-영등포-2024-00066,
종료(반환),서울-구로-2024-00110,
종료(반환),서울-강서-2024-00129,
종료(반환),서울-은평-2024-00148,410100011100399
종료(반환),서울-중구-2024-00035,410097800297857
종료(반환),서울-은평-2024-00145,
종료(반환),서울-송파-2024-00114,410160011867961
종료(반환),서울-도봉-2024-00092,
종료(반환),서울-관악-2024-00157,410160010419067
종료(반환),서울-용산-2024-00145,
종료(반환),서울-은평-2024-00144,
종료(반환),서울-노원-2024-00108,
종료(반환),서울-노원-2024-00107,
종료(반환),서울-강동-2024-00125,
종료(반환),서울-서대문-2024-00079,
종료(반환),서울-동대문-2024-00165,
종료(반환),서울-관악-2024-00156,
종료(반환),서울-영등포-2024-00064,410160011862174
종료(반환),서울-도봉-2024-00091,410160010965570
종료(반환),서울-광진-2024-00075,
종료(반환),서울-종로-2024-00125,
종료(반환),서울-동작-2024-00109,
종료(반환),서울-용산-2024-00144,410160020150920
종료(반환),서울-송파-2024-00113,
종료(반환),서울-동작-2024-00107,
종료(반환),서울-종로-2024-00120,
종료(반환),서울-서초-2024-00072,410097800256663
종료(반환),서울-동작-2024-00106,410093300020429
종료(반환),서울-관악-2024-00155,410160010417565
종료(반환),서울-금천-2024-00087,
종료(반환),서울-성북-2024-00111,410160020131780
종료(반환),서울-성북-2024-00110,
종료(반환),서울-관악-2024-00154,410160010419067
종료(반환),서울-관악-2024-00152,410160010959638
종료(반환),서울-구로-2024-00107,
종료(반환),서울-용산-2024-00142,410097800466321
종료(반환),서울-서대문-2024-00076,
종료(반환),서울-용산-2024-00141,410097800414664
종료(반환),서울-영등포-2024-00061,900219001383460
종료(반환),서울-구로-2024-00103,410160011863717
종료(반환),서울-구로-2024-00102,
종료(반환),서울-강북-2024-00122,
종료(반환),서울-서대문-2024-00075,
종료(반환),서울-은평-2024-00141,410100012350167
종료(반환),서울-구로-2024-00101,
종료(반환),서울-강서-2024-00119,
종료(반환),서울-송파-2024-00111,
종료(반환),서울-강북-2024-00120,
종료(반환),서울-강동-2024-00121,
종료(반환),서울-구로-2024-00097,
종료(반환),서울-구로-2024-00096,
종료(반환),서울-강서-2024-00118,410160010957532
종료(반환),서울-노원-2024-00101,410097800516853
종료(반환),서울-용산-2024-00138,410097800411987
종료(반환),서울-송파-2024-00108,
종료(반환),서울-송파-2024-00107,410093300003123
종료(반환),서울-금천-2024-00081,410097800516162
종료(반환),서울-강서-2024-00116,
종료(반환),서울-용산-2024-00136,
종료(반환),서울-용산-2024-00133,
종료(반환),서울-강서-2024-00117,
종료(반환),서울-은평-2024-00139,
종료(반환),서울-송파-2024-00103,
종료(반환),서울-성북-2024-00105,410100012802554
종료(반환),서울-관악-2024-00146,410160010753359
종료(반환),서울-중랑-2024-00095,
종료(반환),서울-송파-2024-00101,
종료(반환),서울-강서-2024-00115,
종료(반환),서울-성북-2024-00104,410100008165987
종료(반환),서울-강북-2024-00118,
종료(반환),서울-강동-2024-00119,410097800234685
종료(반환),서울-관악-2024-00143,
종료(반환),서울-관악-2024-00142,410093300002690
종료(반환),서울-양천-2024-00082,
종료(반환),서울-동대문-2024-00148,
종료(반환),서울-구로-2024-00087,
종료(반환),서울-노원-2024-00097,
종료(반환),서울-강동-2024-00117,410160010970717
종료(반환),서울-양천-2024-00080,
종료(반환),서울-송파-2024-00092,
종료(반환),서울-노원-2024-00096,410097800187707
종료(반환),서울-노원-2024-00092,
종료(반환),서울-관악-2024-00139,410160010417565
종료(반환),서울-서초-2024-00063,410160011872413
종료(반환),서울-강남-2024-00038,410097800255055
종료(반환),서울-용산-2024-00127,
종료(반환),서울-강서-2024-00105,
종료(반환),서울-도봉-2024-00081,
종료(반환),서울-강북-2024-00113,
종료(반환),서울-동대문-2024-00144,
종료(반환),서울-용산-2024-00121,
종료(반환),서울-서초-2024-00062,
종료(반환),서울-강북-2024-00112,
종료(반환),서울-용산-2024-00122,410097800086929
종료(반환),서울-송파-2024-00089,
종료(반환),서울-양천-2024-00078,410160011864240
종료(반환),서울-은평-2024-00131,
종료(반환),서울-노원-2024-00086,410160011880911
종료(반환),서울-도봉-2024-00079,410160010750507
종료(반환),서울-구로-2024-00084,
종료(반환),서울-서대문-2024-00061,
종료(반환),서울-금천-2024-00072,
종료(반환),서울-서초-2024-00060,410160011867142
종료(반환),서울-서초-2024-00059,410093300010945
종료(반환),서울-관악-2024-00134,410160010936285
종료(반환),서울-영등포-2024-00059,
종료(반환),서울-강서-2024-00100,
종료(반환),서울-용산-2024-00117,
종료(반환),서울-노원-2024-00080,
종료(반환),서울-강동-2024-00107,410160020151937
종료(반환),서울-금천-2024-00071,410097700043205
종료(반환),서울-강서-2024-00098,
종료(반환),서울-노원-2024-00079,410097800137877
종료(반환),서울-영등포-2024-00057,410097800466174
종료(반환),서울-광진-2024-00061,
종료(반환),서울-강남-2024-00036,
종료(반환),서울-용산-2024-00116,
종료(반환),서울-송파-2024-00082,
종료(반환),서울-금천-2024-00069,
종료(반환),서울-마포-2024-00141,410160010950504
종료(반환),서울-성북-2024-00095,
종료(반환),서울-종로-2024-00094,
종료(반환),서울-도봉-2024-00075,410097700011181
종료(반환),서울-관악-2024-00129,410100004108647
종료(반환),서울-종로-2024-00092,
종료(반환),서울-용산-2024-00115,
종료(반환),서울-서대문-2024-00058,
종료(반환),서울-서초-2024-00055,900115000290077
종료(반환),서울-노원-2024-00078,
종료(반환),서울-양천-2024-00071,
종료(반환),서울-송파-2024-00078,410160010976152
종료(반환),서울-은평-2024-00125,410097800518589
종료(반환),서울-강동-2024-00094,
종료(반환),서울-금천-2024-00068,410160011871435
종료(반환),서울-노원-2024-00075,
종료(반환),서울-서초-2024-00049,
종료(반환),서울-은평-2024-00121,
종료(반환),서울-도봉-2024-00069,
종료(반환),서울-도봉-2024-00068,410160010938351
종료(반환),서울-도봉-2024-00067,
종료(반환),서울-성동-2024-00045,
종료(반환),서울-서초-2024-00050,410160011867142
종료(반환),서울-용산-2024-00108,410097800308426
종료(반환),서울-송파-2024-00074,410097800199038
종료(반환),서울-영등포-2024-00048,410097800524227
종료(반환),서울-양천-2024-00067,410160010764043
종료(반환),서울-노원-2024-00073,
종료(반환),서울-도봉-2024-00066,
종료(반환),서울-종로-2024-00084,
종료(반환),서울-관악-2024-00127,
종료(반환),서울-양천-2024-00065,
종료(반환),서울-관악-2024-00126,
종료(반환),서울-영등포-2024-00044,900219001284360
종료(반환),서울-관악-2024-00119,410160012805015
종료(반환),서울-동작-2024-00089,
종료(반환),서울-성북-2024-00087,
종료(반환),서울-관악-2024-00118,
종료(반환),서울-동작-2024-00088,
종료(반환),서울-동작-2024-00087,
종료(반환),서울-강남-2024-00030,410160012602153
종료(반환),서울-금천-2024-00063,410160010300467
종료(반환),서울-중구-2024-00021,41010008064511
종료(반환),서울-중랑-2024-00080,
종료(반환),서울-광진-2024-00053,
종료(반환),서울-구로-2024-00078,410097700036757
종료(반환),서울-서대문-2024-00053,
종료(반환),서울-성동-2024-00042,410097800450012
종료(반환),서울-성동-2024-00037,410160010968478
종료(반환),서울-동작-2024-00082,
종료(반환),서울-중랑-2024-00073,
종료(반환),서울-도봉-2024-00060,
종료(반환),서울-노원-2024-00067,
종료(반환),서울-강북-2024-00078,
종료(반환),서울-강동-2024-00080,410097800234685
종료(반환),서울-동작-2024-00079,410100011090679
종료(반환),서울-은평-2024-00116,
종료(반환),서울-성북-2024-00080,
종료(반환),서울-용산-2024-00092,
종료(반환),서울-중랑-2024-00071,
종료(반환),서울-강서-2024-00075,
종료(반환),서울-양천-2024-00060,
종료(반환),서울-은평-2024-00115,
종료(반환),서울-강북-2024-00076,410160010934887
종료(반환),서울-중랑-2024-00070,410097800229555
종료(반환),서울-노원-2024-00063,410097800488829
종료(반환),서울-노원-2024-00062,
종료(반환),서울-도봉-2024-00058,
종료(반환),서울-성북-2024-00076,410160011876348
종료(반환),서울-관악-2024-00107,
종료(반환),서울-관악-2024-00106,410100008267182
종료(반환),서울-성북-2024-00075,
종료(반환),서울-종로-2024-00072,410100012302397
종료(반환),서울-강남-2024-00026,
종료(반환),서울-동작-2024-00074,
종료(반환),서울-영등포-2024-00040,
종료(반환),서울-영등포-2024-00039,
종료(반환),서울-영등포-2024-00038,410160010961655
종료(반환),서울-영등포-2024-00037,
종료(반환),서울-성북-2024-00073,
종료(반환),서울-용산-2024-00087,410093300012467
종료(반환),서울-동대문-2024-00090,
종료(반환),서울-마포-2024-00094,
종료(반환),서울-중랑-2024-00067,
종료(반환),서울-광진-2024-00049,
종료(반환),서울-송파-2024-00052,410160010970897
종료(반환),서울-동작-2024-00072,410160011870345
종료(반환),서울-동작-2024-00071,410160010753359
종료(반환),서울-동대문-2024-00088,
종료(반환),서울-중랑-2024-00066,
종료(반환),서울-영등포-2024-00036,
종료(반환),서울-서초-2024-00037,410160011867142
종료(반환),서울-서초-2024-00040,
종료(반환),서울-성북-2024-00071,
종료(반환),서울-관악-2024-00101,
종료(반환),서울-서대문-2024-00046,
종료(반환),서울-서초-2024-00039,
종료(반환),서울-강서-2024-00074,410100008312120
종료(반환),서울-마포-2024-00089,
종료(반환),서울-마포-2024-00088,
종료(반환),서울-구로-2024-00059,
종료(반환),서울-서초-2024-00036,
종료(반환),서울-관악-2024-00100,410100008043483
종료(반환),서울-구로-2024-00058,
종료(반환),서울-강서-2024-00073,
종료(반환),서울-강북-2024-00069,
종료(반환),서울-동대문-2024-00080,
종료(반환),서울-강동-2024-00063,
종료(반환),서울-관악-2024-00099,410100008245686
종료(반환),서울-서대문-2024-00045,
종료(반환),서울-서초-2024-00033,
종료(반환),서울-용산-2024-00079,
종료(반환),서울-송파-2024-00049,
종료(반환),서울-관악-2024-00098,410093300023556
종료(반환),서울-용산-2024-00077,410100008113928
종료(반환),서울-양천-2024-00054,410097700014930
종료(반환),서울-마포-2024-00086,
종료(반환),서울-마포-2024-00085,410100008062247
종료(반환),서울-강북-2024-00067,410160010954112
종료(반환),서울-성북-2024-00069,410100008003731
종료(반환),서울-영등포-2024-00034,900202101069347
종료(반환),서울-송파-2024-00047,
종료(반환),서울-영등포-2024-00031,900115000532830
종료(반환),서울-중랑-2024-00059,
종료(반환),서울-노원-2024-00051,
종료(반환),서울-동작-2024-00069,
종료(반환),서울-강남-2024-00025,
종료(반환),서울-동작-2024-00066,
종료(반환),서울-노원-2024-00044,
종료(반환),서울-송파-2024-00045,410160010976152
종료(반환),서울-송파-2024-00044,
종료(반환),서울-도봉-2024-00052,410160011868580
종료(반환),서울-광진-2024-00041,
종료(반환),서울-강서-2024-00070,
종료(반환),서울-서대문-2024-00043,
종료(반환),서울-성북-2024-00068,
종료(반환),서울-중랑-2024-00056,
종료(반환),서울-동대문-2024-00073,
종료(반환),서울-광진-2024-00038,410100008101665
종료(반환),서울-강북-2024-00063,
종료(반환),서울-중구-2024-00017,
종료(반환),서울-강동-2024-00057,
종료(반환),서울-마포-2024-00084,
종료(반환),서울-관악-2024-00093,410160010753359
종료(반환),서울-성북-2024-00067,410100008003731
종료(반환),서울-동작-2024-00065,
종료(반환),서울-노원-2024-00043,
종료(반환),서울-금천-2024-00047,
종료(반환),서울-구로-2024-00041,
종료(반환),서울-은평-2024-00092,
종료(반환),서울-동작-2024-00061,
종료(반환),서울-중구-2024-00015,410097800297857
종료(반환),서울-양천-2024-00051,
종료(반환),서울-은평-2024-00090,
종료(반환),서울-강동-2024-00050,
종료(반환),서울-서대문-2024-00042,
종료(반환),서울-동대문-2024-00071,
종료(반환),서울-종로-2024-00059,
종료(반환),서울-강동-2024-00049,
종료(반환),서울-강서-2024-00066,
종료(반환),서울-성동-2024-00030,410100008021759
종료(반환),서울-관악-2024-00091,410097800523873
종료(반환),서울-용산-2024-00065,410100008198578
종료(반환),서울-강남-2024-00022,410097800251488
종료(반환),서울-금천-2024-00045,410160011870818
종료(반환),서울-도봉-2024-00050,
종료(반환),서울-중랑-2024-00050,
종료(반환),서울-서초-2024-00030,410097800249312
종료(반환),서울-서초-2024-00031,410097800435645
종료(반환),서울-양천-2024-00046,410097800474207
종료(반환),서울-동대문-2024-00070,410097800456891
종료(반환),서울-동대문-2024-00069,
종료(반환),서울-종로-2024-00058,
종료(반환),서울-용산-2024-00061,410160011861625
종료(반환),서울-중랑-2024-00045,
종료(반환),서울-구로-2024-00035,
종료(반환),서울-노원-2024-00038,
종료(반환),서울-용산-2024-00060,410160010780578
종료(반환),서울-금천-2024-00044,
종료(반환),서울-양천-2024-00045,
종료(반환),서울-강북-2024-00058,
종료(반환),서울-중랑-2024-00046,
종료(반환),서울-양천-2024-00044,
종료(반환),서울-노원-2024-00036,410100008016585
종료(반환),서울-도봉-2024-00046,410100012834053
종료(반환),서울-강북-2024-00057,410100011203968
종료(반환),서울-성북-2024-00057,410100012851768
종료(반환),서울-동대문-2024-00062,
종료(반환),서울-중랑-2024-00044,410160011869101
종료(반환),서울-중랑-2024-00043,
종료(반환),서울-강서-2024-00062,
종료(반환),서울-강서-2024-00061,410160011862163
종료(반환),서울-도봉-2024-00045,
종료(반환),서울-종로-2024-00054,
종료(반환),서울-중랑-2024-00042,
종료(반환),서울-용산-2024-00056,
종료(반환),서울-영등포-2024-00025,410160010940756
종료(반환),서울-중랑-2024-00041,
종료(반환),서울-동작-2024-00043,
종료(반환),서울-양천-2024-00043,410100008027024
종료(반환),서울-도봉-2024-00034,410160020314120
종료(반환),서울-강북-2024-00054,410100004135629
종료(반환),서울-강북-2024-00053,
종료(반환),서울-동대문-2024-00060,
종료(반환),서울-관악-2024-00086,410100008281486
종료(반환),서울-영등포-2024-00024,410100008083169
종료(반환),서울-용산-2024-00054,
종료(반환),서울-서초-2024-00027,
종료(반환),서울-관악-2024-00085,
종료(반환),서울-동작-2024-00040,410097800459031
종료(반환),서울-중랑-2024-00040,
종료(반환),서울-마포-2024-00059,
종료(반환),서울-관악-2024-00084,410100008267182
종료(반환),서울-관악-2024-00083,
종료(반환),서울-마포-2024-00052,410093300002520
종료(반환),서울-광진-2024-00027,
종료(반환),서울-양천-2024-00041,
종료(반환),서울-용산-2024-00052,
종료(반환),서울-서대문-2024-00037,
종료(반환),서울-강서-2024-00055,
종료(반환),서울-양천-2024-00040,410097800152248
종료(반환),서울-서초-2024-00023,
종료(반환),서울-송파-2024-00033,
종료(반환),서울-성동-2024-00019,
종료(반환),서울-관악-2024-00079,410097800311358
종료(반환),서울-강북-2024-00047,
종료(반환),서울-중랑-2024-00036,410097800189005
종료(반환),서울-도봉-2024-00031,
종료(반환),서울-은평-2024-00065,410100011215138
종료(반환),서울-영등포-2024-00022,
종료(반환),서울-구로-2024-00030,
종료(반환),서울-도봉-2024-00029,
종료(반환),서울-강북-2024-00046,
종료(반환),서울-강북-2024-00045,410097800488829
종료(반환),서울-광진-2024-00025,
종료(반환),서울-은평-2024-00064,
종료(반환),서울-도봉-2024-00028,410100011203968
종료(반환),서울-동대문-2024-00053,
종료(반환),서울-강동-2024-00035,
종료(반환),서울-동대문-2024-00052,
종료(반환),서울-강남-2024-00019,410100004616463
종료(반환),서울-강서-2024-00053,
종료(반환),서울-중랑-2024-00033,
종료(반환),서울-서대문-2024-00032,
종료(반환),서울-동대문-2024-00051,
종료(반환),서울-광진-2024-00024,
종료(반환),서울-종로-2024-00040,
종료(반환),서울-마포-2024-00045,
종료(반환),서울-용산-2024-00048,
종료(반환),서울-관악-2024-00075,
종료(반환),서울-관악-2024-00074,
종료(반환),서울-양천-2024-00032,
종료(반환),서울-강동-2024-00034,410160011881280
종료(반환),서울-관악-2024-00073,410160010323009
종료(반환),서울-성북-2024-00051,
종료(반환),서울-성북-2024-00049,
종료(반환),서울-송파-2024-00030,
종료(반환),서울-동작-2024-00030,
종료(반환),서울-노원-2024-00026,410100007061008
종료(반환),서울-성북-2024-00048,
종료(반환),서울-마포-2024-00043,
종료(반환),서울-광진-2024-00023,410100012292249
종료(반환),서울-용산-2024-00046,410160011879074
종료(반환),서울-관악-2024-00072,410160010971131
종료(반환),서울-마포-2024-00041,
종료(반환),서울-서대문-2024-00030,
종료(반환),서울-서대문-2024-00029,
종료(반환),서울-서대문-2024-00028,
종료(반환),서울-중랑-2024-00031,
종료(반환),서울-동대문-2024-00047,
종료(반환),서울-영등포-2024-00017,410100012337822
종료(반환),서울-은평-2024-00044,
종료(반환),서울-강북-2024-00042,
종료(반환),서울-동대문-2024-00046,
종료(반환),서울-광진-2024-00022,
종료(반환),서울-강북-2024-00041,
종료(반환),서울-관악-2024-00070,
종료(반환),서울-용산-2024-00044,
종료(반환),서울-강남-2024-00016,
종료(반환),서울-용산-2024-00043,
종료(반환),서울-관악-2024-00069,
종료(반환),서울-중랑-2024-00028,
종료(반환),서울-송파-2024-00028,
종료(반환),서울-서대문-2024-00026,
종료(반환),서울-동대문-2024-00044,
종료(반환),서울-구로-2024-00024,410097800466179
종료(반환),서울-성북-2024-00034,410100012871212
종료(반환),서울-중랑-2024-00027,410097800229555
종료(반환),서울-구로-2024-00023,410160010935526
종료(반환),서울-노원-2024-00023,410160010953837
종료(반환),서울-용산-2024-00042,
종료(반환),서울-성동-2024-00014,410160020123101
종료(반환),서울-성북-2024-00033,
종료(반환),서울-양천-2024-00023,410097800057276
종료(반환),서울-서대문-2024-00024,
종료(반환),서울-서대문-2024-00023,
종료(반환),서울-금천-2024-00027,
종료(반환),서울-강서-2024-00041,
종료(반환),서울-강서-2024-00039,
종료(반환),서울-관악-2024-00063,410160010419885
종료(반환),서울-종로-2024-00029,
종료(반환),서울-관악-2024-00062,
종료(반환),서울-관악-2024-00061,410160010763428
종료(반환),서울-은평-2024-00041,
종료(반환),서울-동대문-2024-00021,
종료(반환),서울-용산-2024-00031,
종료(반환),서울-금천-2024-00026,
종료(반환),서울-강서-2024-00038,
종료(반환),서울-도봉-2024-00023,
종료(반환),서울-종로-2024-00028,
종료(반환),서울-강동-2024-00023,
종료(반환),서울-서초-2024-00016,410160010750086
종료(반환),서울-강북-2024-00030,
종료(반환),서울-관악-2024-00057,410100008187179
종료(반환),서울-송파-2024-00024,
종료(반환),서울-관악-2024-00058,410100004041484
종료(반환),서울-구로-2024-00020,
종료(반환),서울-성북-2024-00028,
종료(반환),서울-동대문-2024-00019,
종료(반환),서울-양천-2024-00015,
종료(반환),서울-영등포-2024-00011,410160011663616
종료(반환),서울-노원-2024-00020,
종료(반환),서울-도봉-2024-00022,410160011868609
종료(반환),서울-동작-2024-00022,
종료(반환),서울-관악-2024-00055,
종료(반환),서울-송파-2024-00023,410100004133373
종료(반환),서울-도봉-2024-00021,
종료(반환),서울-동대문-2024-00015,
종료(반환),서울-동대문-2024-00014,410160020120926
종료(반환),서울-광진-2024-00016,
종료(반환),서울-동작-2024-00021,
종료(반환),서울-동작-2024-00020,410100012666804
종료(반환),서울-중랑-2024-00022,410097800229555
종료(반환),서울-구로-2024-00019,410097800453080
종료(반환),서울-노원-2024-00019,
종료(반환),서울-강북-2024-00028,
종료(반환),서울-용산-2024-00026,
종료(반환),서울-관악-2024-00052,410100012837965
종료(반환),서울-은평-2024-00034,
종료(반환),서울-도봉-2024-00020,
종료(반환),서울-강동-2024-00022,
종료(반환),서울-강동-2024-00020,410100004052722
종료(반환),서울-송파-2024-00021,410160010485380
종료(반환),서울-도봉-2024-00019,
종료(반환),서울-성북-2024-00025,410097800291433
종료(반환),서울-성북-2024-00024,410160011873232
종료(반환),서울-관악-2024-00050,
종료(반환),서울-구로-2024-00017,410093300005006
종료(반환),서울-양천-2024-00014,
종료(반환),서울-은평-2024-00032,
종료(반환),서울-은평-2024-00033,410100013248866
종료(반환),서울-마포-2024-00022,410100004034658
종료(반환),서울-강동-2024-00019,410100004146320
종료(반환),서울-동작-2024-00018,
종료(반환),서울-구로-2024-00016,
종료(반환),서울-도봉-2024-00018,410160010938351
종료(반환),서울-관악-2024-00049,
종료(반환),서울-영등포-2024-00009,
종료(반환),서울-서대문-2024-00012,
종료(반환),서울-강북-2024-00026,410160020154731
종료(반환),서울-광진-2024-00015,
종료(반환),서울-강남-2024-00015,410100004037723
종료(반환),서울-송파-2024-00020,410160010950583
종료(반환),서울-용산-2024-00024,
종료(반환),서울-중구-2024-00006,
종료(반환),서울-관악-2024-00048,410160020258639
종료(반환),서울-구로-2024-00014,410100012240837
종료(반환),서울-중랑-2024-00021,
종료(반환),서울-금천-2024-00016,410097800105263
종료(반환),서울-성북-2024-00014,
종료(반환),서울-도봉-2024-00017,
종료(반환),서울-강남-2024-00012,
종료(반환),서울-성북-2024-00013,
종료(반환),서울-송파-2024-00019,
종료(반환),서울-강북-2024-00021,410160010950449
종료(반환),서울-송파-2024-00018,
종료(반환),서울-서초-2024-00007,
종료(반환),서울-양천-2024-00011,
종료(반환),서울-동대문-2024-00011,410160010352798
종료(반환),서울-강북-2024-00020,
종료(반환),서울-광진-2024-00012,
종료(반환),서울-송파-2024-00017,
종료(반환),서울-도봉-2024-00015,
종료(반환),서울-중랑-2024-00017,
종료(반환),서울-마포-2024-00019,
종료(반환),서울-은평-2024-00026,
종료(반환),서울-용산-2024-00021,
종료(반환),서울-구로-2024-00011,
종료(반환),서울-강동-2024-00015,410097800121490
종료(반환),서울-관악-2024-00043,410160020258639
종료(반환),서울-동작-2024-00012,410160010964791
종료(반환),서울-송파-2024-00016,410160020194579
종료(반환),서울-성북-2024-00011,
종료(반환),서울-중랑-2024-00015,
종료(반환),서울-동대문-2024-00009,410097800517100
종료(반환),서울-송파-2024-00015,410100012485564
종료(반환),서울-은평-2024-00021,
종료(반환),서울-관악-2024-00038,
종료(반환),서울-강남-2024-00009,
종료(반환),서울-용산-2024-00019,410097800086929
종료(반환),서울-노원-2024-00011,410160011869445
종료(반환),서울-관악-2024-00037,410100012481138
종료(반환),서울-관악-2024-00040,
종료(반환),서울-구로-2024-00008,410160012802663
종료(반환),서울-강북-2024-00012,410160010412474
종료(반환),서울-중랑-2024-00013,
종료(반환),서울-구로-2024-00007,
종료(반환),서울-금천-2024-00006,410160020258639
종료(반환),서울-강북-2024-00011,410100012831620
종료(반환),서울-종로-2024-00013,410160010973025
종료(반환),서울-양천-2024-00007,410160010972708
종료(반환),서울-용산-2024-00018,
종료(반환),서울-강북-2024-00010,410160011869640
종료(반환),서울-성동-2024-00012,
종료(반환),서울-용산-2024-00015,
종료(반환),서울-마포-2024-00016,410097800524153
종료(반환),서울-광진-2024-00010,410160010970639
종료(반환),서울-광진-2024-00009,410160010970632
종료(반환),서울-광진-2024-00008,410160010332483
종료(반환),서울-용산-2024-00014,410097800086929
종료(반환),서울-강남-2024-00008,
종료(반환),서울-성동-2024-00011,410097800394959
종료(반환),서울-중랑-2024-00009,
종료(반환),서울-용산-2024-00013,
종료(반환),서울-양천-2024-00006,
종료(반환),서울-강동-2024-00011,
종료(반환),서울-용산-2024-00012,410100012661927
종료(반환),서울-관악-2024-00031,
종료(반환),서울-강서-2024-00019,
종료(반환),서울-강북-2024-00008,
종료(반환),서울-강서-2024-00018,
종료(반환),서울-강서-2024-00017,
종료(반환),서울-강서-2024-00016,
종료(반환),서울-강남-2024-00007,410100012328777
종료(반환),서울-성북-2024-00010,
종료(반환),서울-영등포-2024-00008,410097800524222
종료(반환),서울-중랑-2024-00007,410100012464235
종료(반환),서울-금천-2024-00005,
종료(반환),서울-은평-2024-00015,
종료(반환),서울-마포-2024-00015,410097800467136
종료(반환),서울-성북-2024-00009,
종료(반환),서울-성동-2024-00009,410160020112275
종료(반환),서울-용산-2024-00009,410160011867123
종료(반환),서울-용산-2024-00008,
종료(반환),서울-용산-2024-00006,
종료(반환),서울-강동-2024-00008,410160010935775
종료(반환),서울-노원-2024-00007,
종료(반환),서울-성북-2024-00008,410160010935345
종료(반환),서울-양천-2024-00004,
종료(반환),서울-도봉-2024-00012,
종료(반환),서울-노원-2024-00005,
종료(반환),서울-관악-2024-00028,
종료(반환),서울-중랑-2024-00006,
종료(반환),서울-용산-2024-00005,
종료(반환),서울-마포-2024-00013,410160011861625
종료(반환),서울-동작-2024-00006,
종료(반환),서울-강남-2024-00004,
종료(반환),서울-마포-2024-00012,410160010427321
종료(반환),서울-금천-2024-00003,
종료(반환),서울-강서-2024-00014,
종료(반환),서울-성동-2024-00006,
종료(반환),서울-강동-2024-00007,
종료(반환),서울-중구-2024-00004,
종료(반환),서울-동대문-2024-00004,
종료(반환),서울-종로-2024-00006,
종료(반환),서울-강북-2024-00004,
종료(반환),서울-성북-2024-00006,
종료(반환),서울-강동-2024-00005,
종료(반환),서울-도봉-2024-00008,
종료(반환),서울-중랑-2024-00003,
종료(반환),서울-강서-2024-00010,
종료(반환),서울-강서-2024-00008,410093300006103
종료(반환),서울-도봉-2024-00007,
종료(반환),서울-강북-2024-00002,410160010483960
종료(반환),서울-서초-2024-00005,410097800489636
종료(반환),서울-용산-2024-00002,
종료(반환),서울-용산-2024-00001,
종료(반환),서울-송파-2024-00008,
종료(반환),서울-영등포-2024-00007,
종료(반환),서울-영등포-2024-00005,410100012815968
종료(반환),서울-서대문-2024-00005,
종료(반환),서울-마포-2024-00004,
종료(반환),서울-마포-2024-00003,
종료(반환),서울-광진-2024-00003,
종료(반환),서울-은평-2024-00005,
종료(반환),서울-송파-2024-00002,
종료(반환),서울-광진-2024-00002,
종료(반환),서울-중구-2024-00001,410093300022018
종료(반환),서울-강동-2024-00001,
종료(반환),서울-서초-2024-00001,410100012847978
종료(반환),서울-도봉-2024-00001,
종료(반환),서울-중랑-2024-00001,
종료(반환),서울-영등포-2023-00147,
종료(반환),서울-금천-2023-00160,
종료(반환),서울-영등포-2024-00002,
종료(반환),서울-용산-2023-00240,410097800357085
종료(반환),서울-양천-2023-00227,410093300000905
종료(반환),서울-은평-2024-00001,
종료(반환),서울-강남-2023-00157,410100004086559
종료(반환),서울-노원-2023-00189,410097800115772
종료(반환),서울-송파-2023-00265,
종료(반환),서울-구로-2023-00188,
종료(반환),서울-광진-2023-00172,
종료(반환),서울-서초-2023-00205,
종료(반환),서울-강동-2023-00268,
종료(반환),서울-광진-2023-00171,410160010934456
종료(반환),서울-동작-2023-00203,
종료(반환),서울-구로-2023-00187,
종료(반환),서울-종로-2023-00155,
종료(반환),서울-중구-2023-00099,
종료(반환),서울-종로-2023-00154,
종료(반환),서울-관악-2023-00294,
종료(반환),서울-동작-2023-00202,
종료(반환),서울-양천-2023-00225,
종료(반환),서울-관악-2023-00287,
종료(반환),서울-중랑-2023-00216,410160011867885
종료(반환),서울-동대문-2023-00209,410097800107904
종료(반환),서울-중랑-2023-00213,
종료(반환),서울-강서-2023-00237,
종료(반환),서울-강동-2023-00259,410160010952790
종료(반환),서울-관악-2023-00285,
종료(반환),서울-광진-2023-00163,410160010946500
종료(반환),서울-송파-2023-00263,410160020196353
종료(반환),서울-금천-2023-00159,
종료(반환),서울-양천-2023-00224,
종료(반환),서울-은평-2023-00234,410160010413920
종료(반환),서울-동대문-2023-00207,
종료(반환),서울-성동-2023-00172,410100012825722
종료(반환),서울-동작-2023-00201,
종료(반환),서울-구로-2023-00182,
종료(반환),서울-영등포-2023-00139,
종료(반환),서울-강서-2023-00236,
종료(반환),서울-강남-2023-00154,410160010981371
종료(반환),서울-도봉-2023-00177,410160011868576
종료(반환),서울-도봉-2023-00176,410160011868575
종료(반환),서울-도봉-2023-00175,410093300036811
종료(반환),서울-강남-2023-00153,
종료(반환),서울-영등포-2023-00138,410097800348590
종료(반환),서울-동대문-2023-00203,
종료(반환),서울-강동-2023-00257,
종료(반환),서울-강남-2023-00152,
종료(반환),서울-관악-2023-00274,410160010478913
종료(반환),서울-금천-2023-00158,
종료(반환),서울-중랑-2023-00208,410100004103856
종료(반환),서울-영등포-2023-00136,
종료(반환),서울-서대문-2023-00136,410100011215719
종료(반환),서울-강북-2023-00234,410093300032096
종료(반환),서울-마포-2023-00331,
종료(반환),서울-강남-2023-00149,410100012462784
종료(반환),서울-도봉-2023-00171,410097800262621
종료(반환),서울-성북-2023-00181,
종료(반환),서울-노원-2023-00181,410160010611367
종료(반환),서울-구로-2023-00180,
종료(반환),서울-은평-2023-00227,
종료(반환),서울-노원-2023-00182,410160020124481
종료(반환),서울-종로-2023-00147,
종료(반환),서울-강남-2023-00148,
종료(반환),서울-은평-2023-00226,410160011881091
종료(반환),서울-노원-2023-00179,
종료(반환),서울-마포-2023-00328,410097800257506
종료(반환),서울-용산-2023-00238,
종료(반환),서울-용산-2023-00237,410160020364735
종료(반환),서울-서초-2023-00195,
종료(반환),서울-강북-2023-00233,
종료(반환),서울-동작-2023-00196,
종료(반환),서울-강서-2023-00230,410090060040915
종료(반환),서울-노원-2023-00178,
종료(반환),서울-강동-2023-00251,
종료(반환),서울-강동-2023-00250,
종료(반환),서울-강동-2023-00249,410160011867777
종료(반환),서울-양천-2023-00223,410100004064735
종료(반환),서울-중구-2023-00097,410097800102951
종료(반환),서울-양천-2023-00220,
종료(반환),서울-동작-2023-00195,
종료(반환),서울-성동-2023-00166,410100008289146
종료(반환),서울-종로-2023-00145,900115000089608
종료(반환),서울-중랑-2023-00204,
종료(반환),서울-강남-2023-00144,
종료(반환),서울-서대문-2023-00134,
종료(반환),서울-노원-2023-00176,
종료(반환),서울-영등포-2023-00133,
종료(반환),서울-강서-2023-00226,
종료(반환),서울-강서-2023-00225,410160010422193
종료(반환),서울-중랑-2023-00203,410160011871621
종료(반환),서울-중구-2023-00096,410160010369780
종료(반환),서울-마포-2023-00323,41097800082124
종료(반환),서울-금천-2023-00154,410097800380732
종료(반환),서울-은평-2023-00209,
종료(반환),서울-노원-2023-00175,
종료(반환),서울-영등포-2023-00132,
종료(반환),서울-강서-2023-00223,
종료(반환),서울-성동-2023-00158,
종료(반환),서울-성동-2023-00156,
종료(반환),서울-강동-2023-00246,
종료(반환),서울-동대문-2023-00199,410160010368840
종료(반환),서울-중랑-2023-00202,
종료(반환),서울-강북-2023-00226,410093300021192
종료(반환),서울-강북-2023-00225,410097800259230
종료(반환),서울-종로-2023-00144,410100011203524
종료(반환),서울-관악-2023-00266,
종료(반환),서울-강북-2023-00222,
종료(반환),서울-노원-2023-00172,
종료(반환),서울-종로-2023-00142,
종료(반환),서울-금천-2023-00152,
종료(반환),서울-동대문-2023-00196,
종료(반환),서울-용산-2023-00230,410097800056631
종료(반환),서울-서대문-2023-00130,410097800465104
종료(반환),서울-은평-2023-00206,
종료(반환),서울-성북-2023-00175,410160010961786
종료(반환),서울-용산-2023-00229,
종료(반환),서울-중구-2023-00094,410160012807038
종료(반환),서울-강동-2023-00242,
종료(반환),서울-동작-2023-00191,
종료(반환),서울-동작-2023-00190,410093300025959
종료(반환),서울-양천-2023-00215,
종료(반환),서울-마포-2023-00315,
종료(반환),서울-서초-2023-00191,
종료(반환),서울-서초-2023-00190,
종료(반환),서울-강서-2023-00222,
종료(반환),서울-강남-2023-00141,
종료(반환),서울-동작-2023-00189,
종료(반환),서울-강서-2023-00221,
종료(반환),서울-성동-2023-00141,410160010307383
종료(반환),서울-동대문-2023-00193,
종료(반환),서울-종로-2023-00136,410097800256462
종료(반환),서울-강북-2023-00215,410097800844789
종료(반환),서울-중랑-2023-00197,
종료(반환),서울-강남-2023-00139,
종료(반환),서울-강남-2023-00138,410160010476330
종료(반환),서울-구로-2023-00172,
종료(반환),서울-서초-2023-00188,410100012459977
종료(반환),서울-용산-2023-00228,
종료(반환),서울-은평-2023-00202,
종료(반환),서울-노원-2023-00168,410160020125412
종료(반환),서울-마포-2023-00310,410100012850597
종료(반환),서울-용산-2023-00227,
종료(반환),서울-관악-2023-00257,
종료(반환),서울-강서-2023-00219,900111881917532
종료(반환),서울-성북-2023-00172,
종료(반환),서울-관악-2023-00256,410160010763428
종료(반환),서울-동대문-2023-00188,
종료(반환),서울-영등포-2023-00128,
종료(반환),서울-강서-2023-00217,
종료(반환),서울-금천-2023-00147,
종료(반환),서울-구로-2023-00168,410160010953494
종료(반환),서울-도봉-2023-00165,
종료(반환),서울-강북-2023-00202,
종료(반환),서울-강북-2023-00201,
종료(반환),서울-중랑-2023-00193,410160010962471
종료(반환),서울-중랑-2023-00192,
종료(반환),서울-중랑-2023-00191,
종료(반환),서울-동대문-2023-00186,410097800117972
종료(반환),서울-용산-2023-00223,
종료(반환),서울-강동-2023-00232,
종료(반환),서울-강동-2023-00231,
종료(반환),서울-용산-2023-00225,410097800115507
종료(반환),서울-용산-2023-00224,410097800329482
종료(반환),서울-도봉-2023-00163,
종료(반환),서울-송파-2023-00245,
종료(반환),서울-성북-2023-00168,
종료(반환),서울-종로-2023-00132,410160010973295
종료(반환),서울-용산-2023-00220,
종료(반환),서울-은평-2023-00193,
종료(반환),서울-은평-2023-00192,
종료(반환),서울-마포-2023-00297,
종료(반환),서울-서대문-2023-00124,
종료(반환),서울-용산-2023-00217,
종료(반환),서울-동대문-2023-00179,
종료(반환),서울-용산-2023-00216,
종료(반환),서울-구로-2023-00165,410100012487879
종료(반환),서울-양천-2023-00202,410100008174154
종료(반환),서울-동대문-2023-00180,
종료(반환),서울-용산-2023-00215,410160010941271
종료(반환),서울-은평-2023-00191,
종료(반환),서울-서초-2023-00176,
종료(반환),서울-중구-2023-00092,410097800187848
종료(반환),서울-용산-2023-00221,410097800261591
종료(반환),서울-금천-2023-00146,410100012767099
종료(반환),서울-서대문-2023-00123,410160010952038
종료(반환),서울-도봉-2023-00161,
종료(반환),서울-성북-2023-00166,410097800250730
종료(반환),서울-송파-2023-00242,
종료(반환),서울-강남-2023-00130,
종료(반환),서울-마포-2023-00292,
종료(반환),서울-도봉-2023-00158,410100008290167
종료(반환),서울-성북-2023-00160,
종료(반환),서울-용산-2023-00214,
종료(반환),서울-강남-2023-00126,
종료(반환),서울-종로-2023-00130,410100012300664
종료(반환),서울-강동-2023-00221,410160010944155
종료(반환),서울-관악-2023-00243,410100012347481
종료(반환),서울-강동-2023-00225,
종료(반환),서울-관악-2023-00242,
종료(반환),서울-영등포-2023-00122,
종료(반환),서울-강북-2023-00186,410097800344009
종료(반환),서울-마포-2023-00288,410093300015096
종료(반환),서울-은평-2023-00183,
종료(반환),서울-성북-2023-00157,
종료(반환),서울-성북-2023-00156,
종료(반환),서울-용산-2023-00211,
종료(반환),서울-노원-2023-00162,410160011880911
종료(반환),서울-종로-2023-00128,
종료(반환),서울-강북-2023-00184,
종료(반환),서울-구로-2023-00159,
종료(반환),서울-종로-2023-00127,
종료(반환),서울-종로-2023-00126,410100012300664
종료(반환),서울-용산-2023-00209,
종료(반환),서울-강남-2023-00125,
종료(반환),서울-노원-2023-00161,410100010020518
종료(반환),서울-중랑-2023-00186,410160010940504
종료(반환),서울-강북-2023-00180,410160010949220
종료(반환),서울-성북-2023-00153,
종료(반환),서울-광진-2023-00145,
종료(반환),서울-강동-2023-00213,
종료(반환),서울-양천-2023-00195,
종료(반환),서울-송파-2023-00237,
종료(반환),서울-서초-2023-00170,
종료(반환),서울-양천-2023-00194,
종료(반환),서울-강동-2023-00211,410100012306863
종료(반환),서울-마포-2023-00277,
종료(반환),서울-노원-2023-00151,410160020125699
종료(반환),서울-강북-2023-00176,
종료(반환),서울-구로-2023-00157,410100008124098
종료(반환),서울-금천-2023-00145,410100004067544
종료(반환),서울-성북-2023-00147,
종료(반환),서울-광진-2023-00142,
종료(반환),서울-관악-2023-00238,410100013064058
종료(반환),서울-마포-2023-00271,
종료(반환),서울-강북-2023-00174,410097800292615
종료(반환),서울-중랑-2023-00183,
종료(반환),서울-영등포-2023-00119,
종료(반환),서울-강서-2023-00205,
종료(반환),서울-강서-2023-00204,
종료(반환),서울-성동-2023-00129,
종료(반환),서울-강남-2023-00123,
종료(반환),서울-강북-2023-00173,
종료(반환),서울-종로-2023-00119,410100008070965
종료(반환),서울-강동-2023-00210,
종료(반환),서울-동작-2023-00169,
종료(반환),서울-금천-2023-00142,
종료(반환),서울-광진-2023-00138,
종료(반환),서울-용산-2023-00203,410160010936379
종료(반환),서울-용산-2023-00204,410097800088118
종료(반환),서울-광진-2023-00136,
종료(반환),서울-관악-2023-00234,
종료(반환),서울-구로-2023-00154,
종료(반환),서울-성북-2023-00143,
종료(반환),서울-용산-2023-00199,410097800086117
종료(반환),서울-관악-2023-00232,
종료(반환),서울-광진-2023-00132,410097800377732
종료(반환),서울-용산-2023-00202,
종료(반환),서울-용산-2023-00200,410097800085322
종료(반환),서울-강서-2023-00199,410100012807695
종료(반환),서울-마포-2023-00267,410093300042105
종료(반환),서울-강북-2023-00170,
종료(반환),서울-광진-2023-00135,
종료(반환),서울-강서-2023-00198,410160010250804
종료(반환),서울-구로-2023-00152,410160010956478
종료(반환),서울-도봉-2023-00147,
종료(반환),서울-용산-2023-00197,
종료(반환),서울-동작-2023-00151,
종료(반환),서울-동대문-2023-00165,410097800137881
종료(반환),서울-광진-2023-00131,410100008251963
종료(반환),서울-양천-2023-00166,
종료(반환),서울-용산-2023-00196,
종료(반환),서울-서대문-2023-00117,
종료(반환),서울-노원-2023-00146,
종료(반환),서울-영등포-2023-00118,410097800466163
종료(반환),서울-관악-2023-00229,410160010941040
종료(반환),서울-성동-2023-00125,
종료(반환),서울-강남-2023-00118,410097800233821
종료(반환),서울-강남-2023-00117,
종료(반환),서울-강북-2023-00158,
종료(반환),서울-광진-2023-00128,
종료(반환),서울-성동-2023-00124,
종료(반환),서울-관악-2023-00226,410100012465438
종료(반환),서울-관악-2023-00225,410100012465436
종료(반환),서울-강남-2023-00120,
종료(반환),서울-강남-2023-00119,
종료(반환),서울-강서-2023-00196,
종료(반환),서울-관악-2023-00224,
종료(반환),서울-광진-2023-00127,
종료(반환),서울-성동-2023-00123,
종료(반환),서울-용산-2023-00192,
종료(반환),서울-동작-2023-00146,
종료(반환),서울-영등포-2023-00110,410100012841930
종료(반환),서울-구로-2023-00151,
종료(반환),서울-서대문-2023-00113,
종료(반환),서울-도봉-2023-00142,410160011868576
종료(반환),서울-도봉-2023-00141,410160011868757
종료(반환),서울-관악-2023-00222,
종료(반환),서울-도봉-2023-00140,410160011863661
종료(반환),서울-용산-2023-00190,
종료(반환),서울-용산-2023-00189,
종료(반환),서울-영등포-2023-00109,
종료(반환),서울-금천-2023-00139,
종료(반환),서울-금천-2023-00138,410160010990128
종료(반환),서울-구로-2023-00146,
종료(반환),서울-용산-2023-00188,
종료(반환),서울-종로-2023-00113,410160010974663
종료(반환),서울-구로-2023-00144,410160010932864
종료(반환),서울-강북-2023-00156,
종료(반환),서울-관악-2023-00221,410160020271702
종료(반환),서울-강서-2023-00194,
종료(반환),서울-용산-2023-00191,
종료(반환),서울-용산-2023-00187,
종료(반환),서울-강동-2023-00203,
종료(반환),서울-강남-2023-00115,410097800299066
종료(반환),서울-용산-2023-00182,
종료(반환),서울-영등포-2023-00107,410100011218818
종료(반환),서울-서대문-2023-00110,410093300011374
종료(반환),서울-강남-2023-00114,410093300036565
종료(반환),서울-용산-2023-00180,
종료(반환),서울-강남-2023-00113,410093300025220
종료(반환),서울-관악-2023-00216,
종료(반환),서울-동작-2023-00145,
종료(반환),서울-강북-2023-00153,
종료(반환),서울-강북-2023-00151,
종료(반환),서울-성북-2023-00132,
종료(반환),서울-성동-2023-00119,410160010932583
종료(반환),서울-중구-2023-00077,
종료(반환),서울-동작-2023-00144,
종료(반환),서울-용산-2023-00175,
종료(반환),서울-용산-2023-00174,
종료(반환),서울-용산-2023-00173,
종료(반환),서울-성북-2023-00131,
종료(반환),서울-강동-2023-00202,
종료(반환),서울-관악-2023-00214,410160020258639
종료(반환),서울-마포-2023-00255,410160020131796
종료(반환),서울-송파-2023-00222,410160012832965
종료(반환),서울-서대문-2023-00104,410093300011374
종료(반환),서울-강북-2023-00149,410160010967876
종료(반환),서울-광진-2023-00115,410160010937037
종료(반환),서울-광진-2023-00114,410093300026535
종료(반환),서울-관악-2023-00210,
종료(반환),서울-관악-2023-00209,
종료(반환),서울-은평-2023-00163,
종료(반환),서울-동작-2023-00140,
종료(반환),서울-강서-2023-00190,
종료(반환),서울-용산-2023-00172,410097800411852
종료(반환),서울-마포-2023-00252,
종료(반환),서울-서초-2023-00123,410160011867142
종료(반환),서울-강남-2023-00110,
종료(반환),서울-구로-2023-00131,
종료(반환),서울-노원-2023-00138,
종료(반환),서울-용산-2023-00171,
종료(반환),서울-성북-2023-00126,410097800125082
종료(반환),서울-서초-2023-00122,410100013262777
종료(반환),서울-중랑-2023-00168,410160010426883
종료(반환),서울-종로-2023-00108,
종료(반환),서울-중랑-2023-00166,410100008080105
종료(반환),서울-강남-2023-00107,
종료(반환),서울-중랑-2023-00165,410093300030415
종료(반환),서울-강남-2023-00106,
종료(반환),서울-양천-2023-00145,410100012487879
종료(반환),서울-동대문-2023-00154,410160020121097
종료(반환),서울-광진-2023-00107,
종료(반환),서울-구로-2023-00126,410160010343691
종료(반환),서울-송파-2023-00220,
종료(반환),서울-강남-2023-00104,
종료(반환),서울-광진-2023-00106,
종료(반환),서울-동작-2023-00136,
종료(반환),서울-용산-2023-00169,
종료(반환),서울-강북-2023-00144,410100008094264
종료(반환),서울-중랑-2023-00163,
종료(반환),서울-용산-2023-00168,
종료(반환),서울-관악-2023-00196,410160020258639
종료(반환),서울-강서-2023-00185,
종료(반환),서울-용산-2023-00166,
종료(반환),서울-마포-2023-00204,
종료(반환),서울-중랑-2023-00160,410100008269683
종료(반환),서울-성동-2023-00107,
종료(반환),서울-성동-2023-00106,
종료(반환),서울-관악-2023-00194,
종료(반환),서울-용산-2023-00163,
종료(반환),서울-서대문-2023-00095,
종료(반환),서울-성북-2023-00122,
종료(반환),서울-종로-2023-00105,410097800256462
종료(반환),서울-영등포-2023-00103,
종료(반환),서울-강서-2023-00181,
종료(반환),서울-은평-2023-00158,
종료(반환),서울-성북-2023-00121,
종료(반환),서울-용산-2023-00162,410160010269029
종료(반환),서울-강남-2023-00103,
종료(반환),서울-강서-2023-00179,
종료(반환),서울-도봉-2023-00128,410100012331669
종료(반환),서울-강남-2023-00102,
종료(반환),서울-양천-2023-00142,
종료(반환),서울-노원-2023-00135,
종료(반환),서울-동대문-2023-00152,410097800259115
종료(반환),서울-종로-2023-00101,
종료(반환),서울-서초-2023-00111,
종료(반환),서울-관악-2023-00192,410160010936298
종료(반환),서울-구로-2023-00121,
종료(반환),서울-양천-2023-00141,410160011863707
종료(반환),서울-성북-2023-00119,410160011888913
종료(반환),서울-영등포-2023-00102,
종료(반환),서울-금천-2023-00132,
종료(반환),서울-마포-2023-00193,
종료(반환),서울-서대문-2023-00090,410093300011374
종료(반환),서울-은평-2023-00155,410097800021371
종료(반환),서울-동대문-2023-00149,
종료(반환),서울-영등포-2023-00101,410100012759318
종료(반환),서울-강서-2023-00178,
종료(반환),서울-노원-2023-00133,410160020314215
종료(반환),서울-은평-2023-00150,410160010968741
종료(반환),서울-은평-2023-00149,
종료(반환),서울-도봉-2023-00123,
종료(반환),서울-성북-2023-00118,
종료(반환),서울-성북-2023-00117,410160020128654
종료(반환),서울-성동-2023-00081,410097800370164
종료(반환),서울-동작-2023-00124,
종료(반환),서울-양천-2023-00139,
종료(반환),서울-도봉-2023-00122,410160011866182
종료(반환),서울-광진-2023-00101,
종료(반환),서울-관악-2023-00190,
종료(반환),서울-도봉-2023-00121,410097800137877
종료(반환),서울-관악-2023-00191,410097800135268
종료(반환),서울-구로-2023-00119,410160020126894
종료(반환),서울-강동-2023-00194,
종료(반환),서울-관악-2023-00188,
종료(반환),서울-송파-2023-00212,410100012665053
종료(반환),서울-강북-2023-00140,410097800326239
종료(반환),서울-강동-2023-00193,
종료(반환),서울-서초-2023-00106,
종료(반환),서울-구로-2023-00118,410093300005332
종료(반환),서울-관악-2023-00185,410100008130916
종료(반환),서울-도봉-2023-00119,
종료(반환),서울-노원-2023-00131,410160011872634
종료(반환),서울-은평-2023-00146,
종료(반환),서울-강동-2023-00190,410100081167009
종료(반환),서울-송파-2023-00210,410100012327010
종료(반환),서울-양천-2023-00137,
종료(반환),서울-동대문-2023-00144,410160020121363
종료(반환),서울-동작-2023-00121,
종료(반환),서울-은평-2023-00145,
종료(반환),서울-송파-2023-00209,
종료(반환),서울-동작-2023-00119,
종료(반환),서울-금천-2023-00126,
종료(반환),서울-금천-2023-00125,
종료(반환),서울-양천-2023-00135,
종료(반환),서울-도봉-2023-00113,
종료(반환),서울-양천-2023-00134,
종료(반환),서울-관악-2023-00177,410100008266772
종료(반환),서울-구로-2023-00116,
종료(반환),서울-성동-2023-00077,
종료(반환),서울-마포-2023-00188,
종료(반환),서울-용산-2023-00155,410100012952523
종료(반환),서울-관악-2023-00175,
종료(반환),서울-동작-2023-00117,
종료(반환),서울-강북-2023-00136,
종료(반환),서울-용산-2023-00151,410097800405555
종료(반환),서울-종로-2023-00097,
종료(반환),서울-관악-2023-00174,410097800110671
종료(반환),서울-강남-2023-00099,
종료(반환),서울-구로-2023-00114,
종료(반환),서울-중구-2023-00065,410100012300351
종료(반환),서울-용산-2023-00150,410097800086117
종료(반환),서울-송파-2023-00204,
종료(반환),서울-송파-2023-00203,410100012717369
종료(반환),서울-동작-2023-00116,410097800383227
종료(반환),서울-영등포-2023-00096,
종료(반환),서울-도봉-2023-00108,
종료(반환),서울-관악-2023-00173,410160010423902
종료(반환),서울-구로-2023-00113,410100004510678
종료(반환),서울-마포-2023-00184,
종료(반환),서울-송파-2023-00199,
종료(반환),서울-구로-2023-00107,
종료(반환),서울-용산-2023-00147,
종료(반환),서울-강동-2023-00180,410097800467122
종료(반환),서울-성북-2023-00106,410100012272136
종료(반환),서울-송파-2023-00197,
종료(반환),서울-동대문-2023-00132,410160010932634
종료(반환),서울-동대문-2023-00131,
종료(반환),서울-영등포-2023-00089,410160010764982
종료(반환),서울-중랑-2023-00147,
종료(반환),서울-구로-2023-00106,410097800412753
종료(반환),서울-도봉-2023-00105,
종료(반환),서울-은평-2023-00136,
종료(반환),서울-중랑-2023-00145,
종료(반환),서울-영등포-2023-00088,410100009975989
종료(반환),서울-강동-2023-00176,
종료(반환),서울-강동-2023-00173,
종료(반환),서울-송파-2023-00192,
종료(반환),서울-양천-2023-00127,992001001201188
종료(반환),서울-중구-2023-00059,
종료(반환),서울-동작-2023-00108,410100013036639
종료(반환),서울-서대문-2023-00078,410100004108079
종료(반환),서울-노원-2023-00120,410100012827551
종료(반환),서울-구로-2023-00104,
종료(반환),서울-은평-2023-00132,410160011871119
종료(반환),서울-강북-2023-00132,410097800136300
종료(반환),서울-중랑-2023-00144,410093300030085
종료(반환),서울-동대문-2023-00130,
종료(반환),서울-중구-2023-00058,
종료(반환),서울-관악-2023-00166,410100008302188
종료(반환),서울-강남-2023-00094,410097800233821
종료(반환),서울-금천-2023-00110,
종료(반환),서울-양천-2023-00125,
종료(반환),서울-금천-2023-00109,
종료(반환),서울-은평-2023-00131,
종료(반환),서울-강남-2023-00093,410160010961642
종료(반환),서울-노원-2023-00119,
종료(반환),서울-강북-2023-00129,
종료(반환),서울-성북-2023-00099,
종료(반환),서울-중랑-2023-00142,
종료(반환),서울-은평-2023-00130,
종료(반환),서울-중랑-2023-00141,
종료(반환),서울-광진-2023-00092,410097800025525
종료(반환),서울-금천-2023-00108,
종료(반환),서울-강서-2023-00163,410097800138432
종료(반환),서울-강남-2023-00092,
종료(반환),서울-강서-2023-00162,
종료(반환),서울-은평-2023-00129,
종료(반환),서울-강동-2023-00171,410100012750485
종료(반환),서울-송파-2023-00184,
종료(반환),서울-영등포-2023-00084,410160010974333
종료(반환),서울-노원-2023-00118,410100004097729
종료(반환),서울-노원-2023-00117,
종료(반환),서울-도봉-2023-00099,
종료(반환),서울-동대문-2023-00127,410100012252476
종료(반환),서울-성북-2023-00096,410100007560326
종료(반환),서울-도봉-2023-00098,410160011868575
종료(반환),서울-도봉-2023-00097,410160011868576
종료(반환),서울-강동-2023-00166,410100012784522
종료(반환),서울-동작-2023-00098,410100012249784
종료(반환),서울-강북-2023-00126,
종료(반환),서울-용산-2023-00138,410097800057234
종료(반환),서울-동작-2023-00097,
종료(반환),서울-동작-2023-00096,
종료(반환),서울-강북-2023-00125,
종료(반환),서울-용산-2023-00135,
종료(반환),서울-구로-2023-00102,
종료(반환),서울-노원-2023-00107,
종료(반환),서울-성북-2023-00095,
종료(반환),서울-용산-2023-00132,
종료(반환),서울-마포-2023-00165,410097800363116
종료(반환),서울-중구-2023-00057,410093300026588
종료(반환),서울-금천-2023-00106,410160010966605
종료(반환),서울-금천-2023-00105,
종료(반환),서울-강북-2023-00124,
종료(반환),서울-관악-2023-00156,
종료(반환),서울-관악-2023-00154,
종료(반환),서울-관악-2023-00153,
종료(반환),서울-용산-2023-00131,410097800077356
종료(반환),서울-종로-2023-00084,410093300026813
종료(반환),서울-송파-2023-00179,410097800107832
종료(반환),서울-관악-2023-00149,
종료(반환),서울-강서-2023-00152,
종료(반환),서울-양천-2023-00119,
종료(반환),서울-용산-2023-00146,
종료(반환),서울-강서-2023-00153,
종료(반환),서울-관악-2023-00143,
종료(반환),서울-용산-2023-00129,410100012842939
종료(반환),서울-용산-2023-00128,
종료(반환),서울-은평-2023-00121,
종료(반환),서울-관악-2023-00142,
종료(반환),서울-강서-2023-00150,
종료(반환),서울-서초-2023-00086,
종료(반환),서울-용산-2023-00126,
종료(반환),서울-강서-2023-00145,
종료(반환),서울-송파-2023-00175,
종료(반환),서울-강서-2023-00144,410100004089235
종료(반환),서울-은평-2023-00118,
종료(반환),서울-종로-2023-00081,
종료(반환),서울-강동-2023-00153,
종료(반환),서울-강남-2023-00085,
종료(반환),서울-강남-2023-00084,
종료(반환),서울-강남-2023-00083,
종료(반환),서울-강서-2023-00142,
종료(반환),서울-강서-2023-00141,
종료(반환),서울-양천-2023-00112,
종료(반환),서울-노원-2023-00101,
종료(반환),서울-용산-2023-00124,
종료(반환),서울-용산-2023-00127,
종료(반환),서울-동작-2023-00091,410160010959472
종료(반환),서울-동작-2023-00090,410160010959471
종료(반환),서울-노원-2023-00099,
종료(반환),서울-동작-2023-00089,
종료(반환),서울-서대문-2023-00073,
종료(반환),서울-마포-2023-00143,
종료(반환),서울-은평-2023-00113,
종료(반환),서울-은평-2023-00112,410100012297423
종료(반환),서울-중랑-2023-00128,410097800259059
종료(반환),서울-서초-2023-00083,
종료(반환),서울-서초-2023-00082,410100012459977
종료(반환),서울-관악-2023-00137,
종료(반환),서울-광진-2023-00079,
종료(반환),서울-강서-2023-00138,
종료(반환),서울-은평-2023-00111,410160010947542
종료(반환),서울-중랑-2023-00124,
종료(반환),서울-동대문-2023-00107,410100013070199
종료(반환),서울-강남-2023-00080,
종료(반환),서울-노원-2023-00096,
종료(반환),서울-도봉-2023-00083,
종료(반환),서울-강동-2023-00151,410160010944155
종료(반환),서울-구로-2023-00094,
종료(반환),서울-서대문-2023-00070,
종료(반환),서울-도봉-2023-00081,410100012254688
종료(반환),서울-강북-2023-00114,
종료(반환),서울-동대문-2023-00106,
종료(반환),서울-종로-2023-00078,
종료(반환),서울-영등포-2023-00078,
종료(반환),서울-강서-2023-00134,
종료(반환),서울-강동-2023-00146,
종료(반환),서울-은평-2023-00107,
종료(반환),서울-동작-2023-00085,
종료(반환),서울-영등포-2023-00077,
종료(반환),서울-서초-2023-00073,410100012459977
종료(반환),서울-종로-2023-00075,
종료(반환),서울-용산-2023-00121,
종료(반환),서울-강남-2023-00079,410097800122937
종료(반환),서울-구로-2023-00092,
종료(반환),서울-성북-2023-00084,410160010961788
종료(반환),서울-성동-2023-00059,
종료(반환),서울-중구-2023-00052,
종료(반환),서울-강동-2023-00143,410160010328981
종료(반환),서울-서초-2023-00072,
종료(반환),서울-강동-2023-00141,
종료(반환),서울-강남-2023-00078,410160010255509
종료(반환),서울-마포-2023-00136,
종료(반환),서울-서대문-2023-00069,410093300004348
종료(반환),서울-양천-2023-00105,410160010943309
종료(반환),서울-강동-2023-00140,
종료(반환),서울-광진-2023-00076,
종료(반환),서울-관악-2023-00134,410100012746377
종료(반환),서울-영등포-2023-00076,410160010952013
종료(반환),서울-영등포-2023-00075,
종료(반환),서울-동대문-2023-00102,
종료(반환),서울-종로-2023-00073,
종료(반환),서울-관악-2023-00133,410100008112321
종료(반환),서울-강남-2023-00077,
종료(반환),서울-강남-2023-00076,410100013063496
종료(반환),서울-도봉-2023-00077,
종료(반환),서울-강북-2023-00110,410100012324879
종료(반환),서울-동대문-2023-00100,
종료(반환),서울-종로-2023-00071,
종료(반환),서울-강동-2023-00137,
종료(반환),서울-강동-2023-00136,410160011867778
종료(반환),서울-성북-2023-00078,
종료(반환),서울-광진-2023-00073,
종료(반환),서울-마포-2023-00131,
종료(반환),서울-마포-2023-00130,410160010937977
종료(반환),서울-관악-2023-00129,410160010417565
종료(반환),서울-관악-2023-00126,410097800311456
종료(반환),서울-양천-2023-00100,
종료(반환),서울-도봉-2023-00074,410093300027073
종료(반환),서울-도봉-2023-00073,
종료(반환),서울-중랑-2023-00119,410093300038652
종료(반환),서울-용산-2023-00108,410160010936746
종료(반환),서울-종로-2023-00066,
종료(반환),서울-용산-2023-00106,410097800249447
종료(반환),서울-용산-2023-00105,410097800249447
종료(반환),서울-용산-2023-00104,410097800249448
종료(반환),서울-강서-2023-00121,
종료(반환),서울-도봉-2023-00071,410097800348409
종료(반환),서울-강북-2023-00107,410160010945832
종료(반환),서울-서초-2023-00060,410160010968451
종료(반환),서울-금천-2023-00090,
종료(반환),서울-구로-2023-00088,410160011861645
종료(반환),서울-강서-2023-00117,410933000031582
종료(반환),서울-도봉-2023-00070,410160010954112
종료(반환),서울-관악-2023-00121,
종료(반환),서울-서초-2023-00059,
종료(반환),서울-동작-2023-00070,
종료(반환),서울-도봉-2023-00068,
종료(반환),서울-관악-2023-00120,
종료(반환),서울-동대문-2023-00097,
종료(반환),서울-강동-2023-00128,
종료(반환),서울-구로-2023-00086,
종료(반환),서울-광진-2023-00072,
종료(반환),서울-성동-2023-00048,410100012750578
종료(반환),서울-관악-2023-00119,410160010964901
종료(반환),서울-서대문-2023-00065,
종료(반환),서울-서대문-2023-00064,
종료(반환),서울-강동-2023-00124,
종료(반환),서울-송파-2023-00156,410097800114747
종료(반환),서울-관악-2023-00118,410160010425337
종료(반환),서울-구로-2023-00085,
종료(반환),서울-은평-2023-00096,
종료(반환),서울-은평-2023-00095,
종료(반환),서울-강동-2023-00123,410215005271659
종료(반환),서울-동대문-2023-00092,
종료(반환),서울-도봉-2023-00067,
종료(반환),서울-동작-2023-00069,
종료(반환),서울-광진-2023-00066,
종료(반환),서울-동대문-2023-00090,
종료(반환),서울-동대문-2023-00089,
종료(반환),서울-강남-2023-00071,
종료(반환),서울-관악-2023-00117,
종료(반환),서울-성북-2023-00073,
종료(반환),서울-강동-2023-00120,410093300002990
종료(반환),서울-중랑-2023-00111,
종료(반환),서울-강북-2023-00098,
종료(반환),서울-관악-2023-00115,410100012299148
종료(반환),서울-영등포-2023-00066,
종료(반환),서울-강서-2023-00108,
종료(반환),서울-강동-2023-00113,
종료(반환),서울-성북-2023-00071,410097800365819
종료(반환),서울-강서-2023-00107,410100008267176
종료(반환),서울-송파-2023-00150,
종료(반환),서울-구로-2023-00078,
종료(반환),서울-서대문-2023-00061,
종료(반환),서울-광진-2023-00064,
종료(반환),서울-양천-2023-00089,410160020258874
종료(반환),서울-중랑-2023-00110,
종료(반환),서울-영등포-2023-00060,410160010963849
종료(반환),서울-구로-2023-00077,
종료(반환),서울-성북-2023-00069,410093300034341
종료(반환),서울-강남-2023-00069,410093300011088
종료(반환),서울-강남-2023-00068,410093300011094
종료(반환),서울-양천-2023-00082,
종료(반환),서울-용산-2023-00092,
종료(반환),서울-동작-2023-00068,
종료(반환),서울-강서-2023-00104,
종료(반환),서울-서대문-2023-00058,
종료(반환),서울-성북-2023-00066,
종료(반환),서울-서초-2023-00051,
종료(반환),서울-영등포-2023-00058,
종료(반환),서울-강서-2023-00101,410093300036546
종료(반환),서울-서대문-2023-00057,
종료(반환),서울-양천-2023-00087,
종료(반환),서울-서초-2023-00052,
종료(반환),서울-서대문-2023-00056,
종료(반환),서울-중구-2023-00040,410097800446683
종료(반환),서울-관악-2023-00112,410160010960534
종료(반환),서울-관악-2023-00110,410100008061604
종료(반환),서울-서대문-2023-00055,
종료(반환),서울-강서-2023-00102,
종료(반환),서울-은평-2023-00087,410160010974421
종료(반환),서울-강동-2023-00102,
종료(반환),서울-성동-2023-00043,410100012294996
종료(반환),서울-노원-2023-00080,410160011869445
종료(반환),서울-은평-2023-00085,
종료(반환),서울-동작-2023-00063,410097800091692
종료(반환),서울-구로-2023-00060,
종료(반환),서울-도봉-2023-00062,410097800186567
종료(반환),서울-강북-2023-00093,
종료(반환),서울-성북-2023-00064,
종료(반환),서울-용산-2023-00087,
종료(반환),서울-동작-2023-00062,410160020371066
종료(반환),서울-노원-2023-00078,
종료(반환),서울-관악-2023-00109,410160010486019
종료(반환),서울-관악-2023-00108,
종료(반환),서울-영등포-2023-00055,410160010484571
종료(반환),서울-종로-2023-00040,410160010944970
종료(반환),서울-관악-2023-00106,
종료(반환),서울-은평-2023-00078,
종료(반환),서울-은평-2023-00077,410097800031397
종료(반환),서울-은평-2023-00079,
종료(반환),서울-송파-2023-00139,
종료(반환),서울-노원-2023-00077,410160010426883
종료(반환),서울-성북-2023-00062,
종료(반환),서울-강동-2023-00090,
종료(반환),서울-성동-2023-00038,
종료(반환),서울-서대문-2023-00053,410100013069826
종료(반환),서울-강남-2023-00062,
종료(반환),서울-관악-2023-00102,410160011865510
종료(반환),서울-관악-2023-00101,410160010479514
종료(반환),서울-강서-2023-00095,
종료(반환),서울-용산-2023-00081,
종료(반환),서울-강동-2023-00086,410100012756465
종료(반환),서울-송파-2023-00138,410097800103902
종료(반환),서울-중랑-2023-00096,
종료(반환),서울-은평-2023-00074,
종료(반환),서울-송파-2023-00137,
종료(반환),서울-강남-2023-00060,
종료(반환),서울-동작-2023-00061,410160010937350
종료(반환),서울-강서-2023-00093,
종료(반환),서울-성북-2023-00060,410100008057736
종료(반환),서울-중랑-2023-00095,
종료(반환),서울-중랑-2023-00092,
종료(반환),서울-강동-2023-00085,410160010943331
종료(반환),서울-강동-2023-00084,410093300001462
종료(반환),서울-서대문-2023-00052,410093300002518
종료(반환),서울-강북-2023-00088,410100012347481
종료(반환),서울-강남-2023-00059,
종료(반환),서울-중랑-2023-00091,
종료(반환),서울-영등포-2023-00051,
종료(반환),서울-은평-2023-00073,
종료(반환),서울-용산-2023-00079,
종료(반환),서울-금천-2023-00068,410093300027752
종료(반환),서울-도봉-2023-00052,
종료(반환),서울-성북-2023-00057,410160010933270
종료(반환),서울-마포-2023-00084,410100004108822
종료(반환),서울-금천-2023-00067,410097800253318
종료(반환),서울-강서-2023-00089,410100012292633
종료(반환),서울-양천-2023-00069,
종료(반환),서울-양천-2023-00068,
종료(반환),서울-은평-2023-00067,410100012297567
종료(반환),서울-강남-2023-00058,410097800342088
종료(반환),서울-관악-2023-00092,
종료(반환),서울-구로-2023-00056,
종료(반환),서울-양천-2023-00066,410160010961826
종료(반환),서울-노원-2023-00070,
종료(반환),서울-노원-2023-00067,
종료(반환),서울-노원-2023-00068,
종료(반환),서울-은평-2023-00069,
종료(반환),서울-구로-2023-00051,
종료(반환),서울-양천-2023-00065,
종료(반환),서울-중랑-2023-00087,410100004096665
종료(반환),서울-중랑-2023-00086,
종료(반환),서울-용산-2023-00075,410160020153691
종료(반환),서울-강동-2023-00083,
종료(반환),서울-용산-2023-00074,410097800451633
종료(반환),서울-송파-2023-00134,
종료(반환),서울-구로-2023-00050,410093300022652
종료(반환),서울-관악-2023-00090,410100008245416
종료(반환),서울-관악-2023-00089,
종료(반환),서울-서대문-2023-00046,410093300034432
종료(반환),서울-종로-2023-00033,
종료(반환),서울-노원-2023-00065,
종료(반환),서울-강동-2023-00081,410100012354779
종료(반환),서울-서대문-2023-00043,
종료(반환),서울-광진-2023-00049,
종료(반환),서울-강남-2023-00055,
종료(반환),서울-강북-2023-00071,
종료(반환),서울-강북-2023-00069,
종료(반환),서울-성북-2023-00053,
종료(반환),서울-양천-2023-00058,
종료(반환),서울-강서-2023-00081,
종료(반환),서울-강북-2023-00068,
종료(반환),서울-영등포-2023-00044,410097800292807
종료(반환),서울-영등포-2023-00043,410160010481890
종료(반환),서울-성북-2023-00052,410097800375661
종료(반환),서울-강동-2023-00074,410160011876773
종료(반환),서울-중구-2023-00032,410097800454911
종료(반환),서울-구로-2023-00043,410160011876014
종료(반환),서울-강북-2023-00066,410093300033314
종료(반환),서울-중랑-2023-00075,
종료(반환),서울-용산-2023-00067,410100008003370
종료(반환),서울-강남-2023-00051,
종료(반환),서울-강서-2023-00079,
종료(반환),서울-양천-2023-00056,410100008046746
종료(반환),서울-광진-2023-00046,
종료(반환),서울-강동-2023-00073,
종료(반환),서울-마포-2023-00070,
종료(반환),서울-노원-2023-00056,410160020313603
종료(반환),서울-송파-2023-00117,
종료(반환),서울-강동-2023-00072,410097800234685
종료(반환),서울-강동-2023-00071,
종료(반환),서울-강남-2023-00048,
종료(반환),서울-중구-2023-00031,
종료(반환),서울-용산-2023-00072,
종료(반환),서울-도봉-2023-00049,410093300022956
종료(반환),서울-서초-2023-00040,410100012459977
종료(반환),서울-도봉-2023-00047,410160010968956
종료(반환),서울-구로-2023-00041,410100004042850
종료(반환),서울-강북-2023-00061,
종료(반환),서울-중구-2023-00027,410097800461328
종료(반환),서울-영등포-2023-00042,410100008202735
종료(반환),서울-서대문-2023-00032,
종료(반환),서울-종로-2023-00030,410100012302397
종료(반환),서울-도봉-2023-00046,
종료(반환),서울-중구-2023-00026,
종료(반환),서울-용산-2023-00063,
종료(반환),서울-중랑-2023-00064,
종료(반환),서울-양천-2023-00052,410097800195610
종료(반환),서울-송파-2023-00114,
종료(반환),서울-서대문-2023-00031,
종료(반환),서울-성북-2023-00050,
종료(반환),서울-중랑-2023-00059,
종료(반환),서울-구로-2023-00035,
종료(반환),서울-강북-2023-00055,410100012812400
종료(반환),서울-강북-2023-00054,
종료(반환),서울-용산-2023-00061,
종료(반환),서울-도봉-2023-00041,
종료(반환),서울-강동-2023-00064,410160011867777
종료(반환),서울-관악-2023-00076,41010000.825498
종료(반환),서울-노원-2023-00054,
종료(반환),서울-동작-2023-00046,
종료(반환),서울-마포-2023-00064,410097800312472
종료(반환),서울-노원-2023-00053,
종료(반환),서울-노원-2023-00051,